{"cameraMode":{"drawMode":0,"name":"Shaded","section":"Shading Mode"},"sceneLighting":false,"audioPlay":false,"sceneViewState":{"showFog":true,"showMaterialUpdate":false,"showSkybox":false,"showFlares":true,"showImageEffects":true,"showParticleSystems":true},"in2DMode":false,"pivot":{"x":-0.28111135959625246,"y":-0.11834761500358582,"z":0.053651951253414157},"rotation":{"x":0.14037305116653443,"y":-0.6609652638435364,"z":0.12743578851222993,"w":0.7262091040611267},"size":0.4582303762435913,"orthographic":false}