{"cameraMode":{"drawMode":0,"name":"Shaded","section":"Shading Mode"},"sceneLighting":true,"audioPlay":false,"sceneViewState":{"showFog":true,"showMaterialUpdate":false,"showSkybox":true,"showFlares":true,"showImageEffects":true,"showParticleSystems":true},"in2DMode":false,"pivot":{"x":-3.1736831665039064,"y":-7.006187438964844,"z":2.398824691772461},"rotation":{"x":-0.16978712379932404,"y":0.5520415902137756,"z":-0.11572663486003876,"w":-0.8082470297813416},"size":22.886552810668947,"orthographic":false}