{"cameraMode":{"drawMode":0,"name":"Shaded","section":"Shading Mode"},"sceneLighting":false,"audioPlay":false,"sceneViewState":{"showFog":true,"showMaterialUpdate":false,"showSkybox":false,"showFlares":true,"showImageEffects":true,"showParticleSystems":true},"in2DMode":false,"pivot":{"x":-11.570409774780274,"y":-19.320663452148439,"z":17.803483963012697},"rotation":{"x":0.3390756845474243,"y":-0.318075031042099,"z":0.12303025275468826,"w":0.8768325448036194},"size":4.1926045417785648,"orthographic":false}