{"cameraMode":{"drawMode":0,"name":"Shaded","section":"Shading Mode"},"sceneLighting":true,"audioPlay":false,"sceneViewState":{"showFog":true,"showMaterialUpdate":false,"showSkybox":true,"showFlares":true,"showImageEffects":true,"showParticleSystems":true},"in2DMode":false,"pivot":{"x":-66.59772491455078,"y":485.0416259765625,"z":-59.50218200683594},"rotation":{"x":-0.05278513580560684,"y":0.9265842437744141,"z":-0.14459113776683808,"w":-0.3438171446323395},"size":69.34135437011719,"orthographic":false}