{"cameraMode":{"drawMode":0,"name":"Shaded","section":"Shading Mode"},"sceneLighting":false,"audioPlay":false,"sceneViewState":{"showFog":true,"showMaterialUpdate":false,"showSkybox":false,"showFlares":true,"showImageEffects":true,"showParticleSystems":true},"in2DMode":false,"pivot":{"x":-1.7270598411560059,"y":1.0848748683929444,"z":-2.622868537902832},"rotation":{"x":0.13559724390506745,"y":-0.6355239748954773,"z":0.11464019864797592,"w":0.7514622211456299},"size":2.1650636196136476,"orthographic":false}