{"cameraMode":{"drawMode":0,"name":"Shaded","section":"Shading Mode"},"sceneLighting":false,"audioPlay":false,"sceneViewState":{"showFog":true,"showMaterialUpdate":false,"showSkybox":false,"showFlares":true,"showImageEffects":true,"showParticleSystems":true},"in2DMode":false,"pivot":{"x":-6.156309127807617,"y":-4.674396991729736,"z":5.234638214111328},"rotation":{"x":-0.14213848114013673,"y":0.8129293322563171,"z":-0.22262819111347199,"w":-0.5189966559410095},"size":6.889378070831299,"orthographic":false}